<?xml version = "1.0"?>
<GameData>
<screenTitle>Project 3_Jinxuan Qu</screenTitle>
<maxStringSize>50</maxStringSize>
<username>jinxuaq</username>
<frameMax>200</frameMax>

<frameCap>60</frameCap>
<framesAreCapped>true</framesAreCapped>

<orbsNum>50</orbsNum>

<view>
  <width>1024</width>
  <height>768</height>
</view>

<world>
  <width>1024</width>
  <height>768</height>
</world>

<back>
  <red>255</red>
  <green>255</green>
  <blue>255</blue>
  <file>images/bg.png</file>
  <width>1024</width>
  <height>768</height>
  <speedX>0</speedX>
  <speedY>0</speedY>
  <startLoc x="0" y="0"/>
  <transparency>false</transparency>
</back>

<font name="font">
  <file>font/dyslexic-bold.otf</file>
  <size>16</size>
  <red>0</red>
  <green>0</green>
  <blue>0</blue>
  <unused>0</unused>
</font>


<greenorb>
  <file>images/star.bmp</file>
  <srcX>0</srcX>
  <srcY>0</srcY>
  <width>32</width>
  <height>32</height>
  <startLoc x="320" y="240"/>
  <speedX>175</speedX>
  <speedY>175</speedY>
  <transparency>true</transparency>
</greenorb>

</GameData>
